"year","month","release.id","url"
2009,1,395097,"http://kevinbrady.house.gov/news/documentsingle.aspx?DocumentID=395097"
2009,1,395098,"http://kevinbrady.house.gov/news/documentsingle.aspx?DocumentID=395098"
2009,1,395099,"http://kevinbrady.house.gov/news/documentsingle.aspx?DocumentID=395099"
2009,1,395100,"http://kevinbrady.house.gov/news/documentsingle.aspx?DocumentID=395100"
2009,1,395101,"http://kevinbrady.house.gov/news/documentsingle.aspx?DocumentID=395101"
2009,1,395102,"http://kevinbrady.house.gov/news/documentsingle.aspx?DocumentID=395102"
2009,1,395103,"http://kevinbrady.house.gov/news/documentsingle.aspx?DocumentID=395103"
2009,1,395106,"http://kevinbrady.house.gov/news/documentsingle.aspx?DocumentID=395106"
2009,1,395104,"http://kevinbrady.house.gov/news/documentsingle.aspx?DocumentID=395104"
2009,1,395105,"http://kevinbrady.house.gov/news/documentsingle.aspx?DocumentID=395105"
2009,2,395087,"http://kevinbrady.house.gov/news/documentsingle.aspx?DocumentID=395087"
2009,2,395086,"http://kevinbrady.house.gov/news/documentsingle.aspx?DocumentID=395086"
2009,2,395088,"http://kevinbrady.house.gov/news/documentsingle.aspx?DocumentID=395088"
2009,2,395089,"http://kevinbrady.house.gov/news/documentsingle.aspx?DocumentID=395089"
2009,2,395090,"http://kevinbrady.house.gov/news/documentsingle.aspx?DocumentID=395090"
2009,2,395091,"http://kevinbrady.house.gov/news/documentsingle.aspx?DocumentID=395091"
2009,2,395092,"http://kevinbrady.house.gov/news/documentsingle.aspx?DocumentID=395092"
2009,2,395093,"http://kevinbrady.house.gov/news/documentsingle.aspx?DocumentID=395093"
2009,2,395095,"http://kevinbrady.house.gov/news/documentsingle.aspx?DocumentID=395095"
2009,2,395094,"http://kevinbrady.house.gov/news/documentsingle.aspx?DocumentID=395094"
2009,3,395076,"http://kevinbrady.house.gov/news/documentsingle.aspx?DocumentID=395076"
2009,3,395077,"http://kevinbrady.house.gov/news/documentsingle.aspx?DocumentID=395077"
2009,3,395078,"http://kevinbrady.house.gov/news/documentsingle.aspx?DocumentID=395078"
2009,3,395080,"http://kevinbrady.house.gov/news/documentsingle.aspx?DocumentID=395080"
2009,3,395079,"http://kevinbrady.house.gov/news/documentsingle.aspx?DocumentID=395079"
2009,3,395081,"http://kevinbrady.house.gov/news/documentsingle.aspx?DocumentID=395081"
2009,3,395082,"http://kevinbrady.house.gov/news/documentsingle.aspx?DocumentID=395082"
2009,3,395083,"http://kevinbrady.house.gov/news/documentsingle.aspx?DocumentID=395083"
2009,3,395084,"http://kevinbrady.house.gov/news/documentsingle.aspx?DocumentID=395084"
2009,3,395085,"http://kevinbrady.house.gov/news/documentsingle.aspx?DocumentID=395085"
2009,4,395065,"http://kevinbrady.house.gov/news/documentsingle.aspx?DocumentID=395065"
2009,4,395067,"http://kevinbrady.house.gov/news/documentsingle.aspx?DocumentID=395067"
2009,4,395066,"http://kevinbrady.house.gov/news/documentsingle.aspx?DocumentID=395066"
2009,4,395068,"http://kevinbrady.house.gov/news/documentsingle.aspx?DocumentID=395068"
2009,4,395069,"http://kevinbrady.house.gov/news/documentsingle.aspx?DocumentID=395069"
2009,4,395070,"http://kevinbrady.house.gov/news/documentsingle.aspx?DocumentID=395070"
2009,4,395071,"http://kevinbrady.house.gov/news/documentsingle.aspx?DocumentID=395071"
2009,4,395072,"http://kevinbrady.house.gov/news/documentsingle.aspx?DocumentID=395072"
2009,4,395073,"http://kevinbrady.house.gov/news/documentsingle.aspx?DocumentID=395073"
2009,4,395074,"http://kevinbrady.house.gov/news/documentsingle.aspx?DocumentID=395074"
2009,5,395052,"http://kevinbrady.house.gov/news/documentsingle.aspx?DocumentID=395052"
2009,5,395053,"http://kevinbrady.house.gov/news/documentsingle.aspx?DocumentID=395053"
2009,5,395055,"http://kevinbrady.house.gov/news/documentsingle.aspx?DocumentID=395055"
2009,5,395054,"http://kevinbrady.house.gov/news/documentsingle.aspx?DocumentID=395054"
2009,5,395056,"http://kevinbrady.house.gov/news/documentsingle.aspx?DocumentID=395056"
2009,5,395057,"http://kevinbrady.house.gov/news/documentsingle.aspx?DocumentID=395057"
2009,5,395060,"http://kevinbrady.house.gov/news/documentsingle.aspx?DocumentID=395060"
2009,5,395059,"http://kevinbrady.house.gov/news/documentsingle.aspx?DocumentID=395059"
2009,5,395058,"http://kevinbrady.house.gov/news/documentsingle.aspx?DocumentID=395058"
2009,5,395061,"http://kevinbrady.house.gov/news/documentsingle.aspx?DocumentID=395061"
2009,6,395041,"http://kevinbrady.house.gov/news/documentsingle.aspx?DocumentID=395041"
2009,6,395042,"http://kevinbrady.house.gov/news/documentsingle.aspx?DocumentID=395042"
2009,6,395044,"http://kevinbrady.house.gov/news/documentsingle.aspx?DocumentID=395044"
2009,6,395043,"http://kevinbrady.house.gov/news/documentsingle.aspx?DocumentID=395043"
2009,6,395045,"http://kevinbrady.house.gov/news/documentsingle.aspx?DocumentID=395045"
2009,6,395046,"http://kevinbrady.house.gov/news/documentsingle.aspx?DocumentID=395046"
2009,6,395047,"http://kevinbrady.house.gov/news/documentsingle.aspx?DocumentID=395047"
2009,6,395049,"http://kevinbrady.house.gov/news/documentsingle.aspx?DocumentID=395049"
2009,6,395048,"http://kevinbrady.house.gov/news/documentsingle.aspx?DocumentID=395048"
2009,6,395050,"http://kevinbrady.house.gov/news/documentsingle.aspx?DocumentID=395050"
2009,7,395029,"http://kevinbrady.house.gov/news/documentsingle.aspx?DocumentID=395029"
2009,7,395030,"http://kevinbrady.house.gov/news/documentsingle.aspx?DocumentID=395030"
2009,7,395032,"http://kevinbrady.house.gov/news/documentsingle.aspx?DocumentID=395032"
2009,7,395033,"http://kevinbrady.house.gov/news/documentsingle.aspx?DocumentID=395033"
2009,7,395034,"http://kevinbrady.house.gov/news/documentsingle.aspx?DocumentID=395034"
2009,7,395035,"http://kevinbrady.house.gov/news/documentsingle.aspx?DocumentID=395035"
2009,7,395037,"http://kevinbrady.house.gov/news/documentsingle.aspx?DocumentID=395037"
2009,7,395036,"http://kevinbrady.house.gov/news/documentsingle.aspx?DocumentID=395036"
2009,7,395038,"http://kevinbrady.house.gov/news/documentsingle.aspx?DocumentID=395038"
2009,7,395039,"http://kevinbrady.house.gov/news/documentsingle.aspx?DocumentID=395039"
2009,8,395025,"http://kevinbrady.house.gov/news/documentsingle.aspx?DocumentID=395025"
2009,8,395026,"http://kevinbrady.house.gov/news/documentsingle.aspx?DocumentID=395026"
2009,8,395027,"http://kevinbrady.house.gov/news/documentsingle.aspx?DocumentID=395027"
2009,8,395028,"http://kevinbrady.house.gov/news/documentsingle.aspx?DocumentID=395028"
2009,9,395016,"http://kevinbrady.house.gov/news/documentsingle.aspx?DocumentID=395016"
2009,9,395018,"http://kevinbrady.house.gov/news/documentsingle.aspx?DocumentID=395018"
2009,9,395017,"http://kevinbrady.house.gov/news/documentsingle.aspx?DocumentID=395017"
2009,9,395020,"http://kevinbrady.house.gov/news/documentsingle.aspx?DocumentID=395020"
2009,9,395019,"http://kevinbrady.house.gov/news/documentsingle.aspx?DocumentID=395019"
2009,9,395021,"http://kevinbrady.house.gov/news/documentsingle.aspx?DocumentID=395021"
2009,9,395023,"http://kevinbrady.house.gov/news/documentsingle.aspx?DocumentID=395023"
2009,9,395022,"http://kevinbrady.house.gov/news/documentsingle.aspx?DocumentID=395022"
2009,9,395024,"http://kevinbrady.house.gov/news/documentsingle.aspx?DocumentID=395024"
2009,10,395008,"http://kevinbrady.house.gov/news/documentsingle.aspx?DocumentID=395008"
2009,10,397306,"http://kevinbrady.house.gov/news/documentsingle.aspx?DocumentID=397306"
2009,10,395010,"http://kevinbrady.house.gov/news/documentsingle.aspx?DocumentID=395010"
2009,10,395009,"http://kevinbrady.house.gov/news/documentsingle.aspx?DocumentID=395009"
2009,10,395011,"http://kevinbrady.house.gov/news/documentsingle.aspx?DocumentID=395011"
2009,10,395012,"http://kevinbrady.house.gov/news/documentsingle.aspx?DocumentID=395012"
2009,10,395013,"http://kevinbrady.house.gov/news/documentsingle.aspx?DocumentID=395013"
2009,10,395014,"http://kevinbrady.house.gov/news/documentsingle.aspx?DocumentID=395014"
2009,10,395015,"http://kevinbrady.house.gov/news/documentsingle.aspx?DocumentID=395015"
2009,11,395006,"http://kevinbrady.house.gov/news/documentsingle.aspx?DocumentID=395006"
2009,11,395005,"http://kevinbrady.house.gov/news/documentsingle.aspx?DocumentID=395005"
2009,11,397302,"http://kevinbrady.house.gov/news/documentsingle.aspx?DocumentID=397302"
2009,11,397301,"http://kevinbrady.house.gov/news/documentsingle.aspx?DocumentID=397301"
2009,11,397300,"http://kevinbrady.house.gov/news/documentsingle.aspx?DocumentID=397300"
2009,11,397299,"http://kevinbrady.house.gov/news/documentsingle.aspx?DocumentID=397299"
2009,11,395007,"http://kevinbrady.house.gov/news/documentsingle.aspx?DocumentID=395007"
2009,11,397303,"http://kevinbrady.house.gov/news/documentsingle.aspx?DocumentID=397303"
2009,11,397305,"http://kevinbrady.house.gov/news/documentsingle.aspx?DocumentID=397305"
2009,11,397304,"http://kevinbrady.house.gov/news/documentsingle.aspx?DocumentID=397304"
2009,12,394996,"http://kevinbrady.house.gov/news/documentsingle.aspx?DocumentID=394996"
2009,12,394998,"http://kevinbrady.house.gov/news/documentsingle.aspx?DocumentID=394998"
2009,12,394997,"http://kevinbrady.house.gov/news/documentsingle.aspx?DocumentID=394997"
2009,12,394999,"http://kevinbrady.house.gov/news/documentsingle.aspx?DocumentID=394999"
2009,12,395000,"http://kevinbrady.house.gov/news/documentsingle.aspx?DocumentID=395000"
2009,12,395001,"http://kevinbrady.house.gov/news/documentsingle.aspx?DocumentID=395001"
2009,12,395002,"http://kevinbrady.house.gov/news/documentsingle.aspx?DocumentID=395002"
2009,12,395003,"http://kevinbrady.house.gov/news/documentsingle.aspx?DocumentID=395003"
2009,12,395004,"http://kevinbrady.house.gov/news/documentsingle.aspx?DocumentID=395004"
2010,1,394983,"http://kevinbrady.house.gov/news/documentsingle.aspx?DocumentID=394983"
2010,1,394984,"http://kevinbrady.house.gov/news/documentsingle.aspx?DocumentID=394984"
2010,1,394986,"http://kevinbrady.house.gov/news/documentsingle.aspx?DocumentID=394986"
2010,1,394985,"http://kevinbrady.house.gov/news/documentsingle.aspx?DocumentID=394985"
2010,1,394987,"http://kevinbrady.house.gov/news/documentsingle.aspx?DocumentID=394987"
2010,1,394988,"http://kevinbrady.house.gov/news/documentsingle.aspx?DocumentID=394988"
2010,1,394989,"http://kevinbrady.house.gov/news/documentsingle.aspx?DocumentID=394989"
2010,1,394990,"http://kevinbrady.house.gov/news/documentsingle.aspx?DocumentID=394990"
2010,1,394991,"http://kevinbrady.house.gov/news/documentsingle.aspx?DocumentID=394991"
2010,1,394992,"http://kevinbrady.house.gov/news/documentsingle.aspx?DocumentID=394992"
2010,2,394972,"http://kevinbrady.house.gov/news/documentsingle.aspx?DocumentID=394972"
2010,2,394971,"http://kevinbrady.house.gov/news/documentsingle.aspx?DocumentID=394971"
2010,2,394975,"http://kevinbrady.house.gov/news/documentsingle.aspx?DocumentID=394975"
2010,2,394974,"http://kevinbrady.house.gov/news/documentsingle.aspx?DocumentID=394974"
2010,2,394973,"http://kevinbrady.house.gov/news/documentsingle.aspx?DocumentID=394973"
2010,2,394976,"http://kevinbrady.house.gov/news/documentsingle.aspx?DocumentID=394976"
2010,2,397014,"http://kevinbrady.house.gov/news/documentsingle.aspx?DocumentID=397014"
2010,2,394977,"http://kevinbrady.house.gov/news/documentsingle.aspx?DocumentID=394977"
2010,2,397013,"http://kevinbrady.house.gov/news/documentsingle.aspx?DocumentID=397013"
2010,2,397012,"http://kevinbrady.house.gov/news/documentsingle.aspx?DocumentID=397012"
2010,3,394958,"http://kevinbrady.house.gov/news/documentsingle.aspx?DocumentID=394958"
2010,3,394959,"http://kevinbrady.house.gov/news/documentsingle.aspx?DocumentID=394959"
2010,3,397293,"http://kevinbrady.house.gov/news/documentsingle.aspx?DocumentID=397293"
2010,3,394960,"http://kevinbrady.house.gov/news/documentsingle.aspx?DocumentID=394960"
2010,3,394962,"http://kevinbrady.house.gov/news/documentsingle.aspx?DocumentID=394962"
2010,3,394961,"http://kevinbrady.house.gov/news/documentsingle.aspx?DocumentID=394961"
2010,3,394963,"http://kevinbrady.house.gov/news/documentsingle.aspx?DocumentID=394963"
2010,3,394964,"http://kevinbrady.house.gov/news/documentsingle.aspx?DocumentID=394964"
2010,3,394965,"http://kevinbrady.house.gov/news/documentsingle.aspx?DocumentID=394965"
2010,3,397294,"http://kevinbrady.house.gov/news/documentsingle.aspx?DocumentID=397294"
2010,4,394955,"http://kevinbrady.house.gov/news/documentsingle.aspx?DocumentID=394955"
2010,4,394954,"http://kevinbrady.house.gov/news/documentsingle.aspx?DocumentID=394954"
2010,4,394956,"http://kevinbrady.house.gov/news/documentsingle.aspx?DocumentID=394956"
2010,4,397290,"http://kevinbrady.house.gov/news/documentsingle.aspx?DocumentID=397290"
2010,4,397289,"http://kevinbrady.house.gov/news/documentsingle.aspx?DocumentID=397289"
2010,4,397291,"http://kevinbrady.house.gov/news/documentsingle.aspx?DocumentID=397291"
2010,4,397292,"http://kevinbrady.house.gov/news/documentsingle.aspx?DocumentID=397292"
2010,4,394957,"http://kevinbrady.house.gov/news/documentsingle.aspx?DocumentID=394957"
2010,5,394951,"http://kevinbrady.house.gov/news/documentsingle.aspx?DocumentID=394951"
2010,5,394952,"http://kevinbrady.house.gov/news/documentsingle.aspx?DocumentID=394952"
2010,5,394953,"http://kevinbrady.house.gov/news/documentsingle.aspx?DocumentID=394953"
2010,6,397288,"http://kevinbrady.house.gov/news/documentsingle.aspx?DocumentID=397288"
2010,6,394948,"http://kevinbrady.house.gov/news/documentsingle.aspx?DocumentID=394948"
2010,6,394947,"http://kevinbrady.house.gov/news/documentsingle.aspx?DocumentID=394947"
2010,6,394949,"http://kevinbrady.house.gov/news/documentsingle.aspx?DocumentID=394949"
2010,6,394950,"http://kevinbrady.house.gov/news/documentsingle.aspx?DocumentID=394950"
2010,7,394936,"http://kevinbrady.house.gov/news/documentsingle.aspx?DocumentID=394936"
2010,7,394935,"http://kevinbrady.house.gov/news/documentsingle.aspx?DocumentID=394935"
2010,7,394939,"http://kevinbrady.house.gov/news/documentsingle.aspx?DocumentID=394939"
2010,7,394938,"http://kevinbrady.house.gov/news/documentsingle.aspx?DocumentID=394938"
2010,7,394940,"http://kevinbrady.house.gov/news/documentsingle.aspx?DocumentID=394940"
2010,7,394941,"http://kevinbrady.house.gov/news/documentsingle.aspx?DocumentID=394941"
2010,7,394942,"http://kevinbrady.house.gov/news/documentsingle.aspx?DocumentID=394942"
2010,7,397287,"http://kevinbrady.house.gov/news/documentsingle.aspx?DocumentID=397287"
2010,7,394943,"http://kevinbrady.house.gov/news/documentsingle.aspx?DocumentID=394943"
2010,7,397245,"http://kevinbrady.house.gov/news/documentsingle.aspx?DocumentID=397245"
2010,8,394928,"http://kevinbrady.house.gov/news/documentsingle.aspx?DocumentID=394928"
2010,8,394929,"http://kevinbrady.house.gov/news/documentsingle.aspx?DocumentID=394929"
2010,8,394930,"http://kevinbrady.house.gov/news/documentsingle.aspx?DocumentID=394930"
2010,8,394931,"http://kevinbrady.house.gov/news/documentsingle.aspx?DocumentID=394931"
2010,8,394932,"http://kevinbrady.house.gov/news/documentsingle.aspx?DocumentID=394932"
2010,8,394933,"http://kevinbrady.house.gov/news/documentsingle.aspx?DocumentID=394933"
2010,8,394934,"http://kevinbrady.house.gov/news/documentsingle.aspx?DocumentID=394934"
2010,9,394908,"http://kevinbrady.house.gov/news/documentsingle.aspx?DocumentID=394908"
2010,9,394909,"http://kevinbrady.house.gov/news/documentsingle.aspx?DocumentID=394909"
2010,9,394910,"http://kevinbrady.house.gov/news/documentsingle.aspx?DocumentID=394910"
2010,9,394911,"http://kevinbrady.house.gov/news/documentsingle.aspx?DocumentID=394911"
2010,9,394912,"http://kevinbrady.house.gov/news/documentsingle.aspx?DocumentID=394912"
2010,9,394914,"http://kevinbrady.house.gov/news/documentsingle.aspx?DocumentID=394914"
2010,9,394913,"http://kevinbrady.house.gov/news/documentsingle.aspx?DocumentID=394913"
2010,9,394915,"http://kevinbrady.house.gov/news/documentsingle.aspx?DocumentID=394915"
2010,9,394916,"http://kevinbrady.house.gov/news/documentsingle.aspx?DocumentID=394916"
2010,10,394900,"http://kevinbrady.house.gov/news/documentsingle.aspx?DocumentID=394900"
2010,10,394899,"http://kevinbrady.house.gov/news/documentsingle.aspx?DocumentID=394899"
2010,10,394901,"http://kevinbrady.house.gov/news/documentsingle.aspx?DocumentID=394901"
2010,10,394902,"http://kevinbrady.house.gov/news/documentsingle.aspx?DocumentID=394902"
2010,10,394904,"http://kevinbrady.house.gov/news/documentsingle.aspx?DocumentID=394904"
2010,10,394903,"http://kevinbrady.house.gov/news/documentsingle.aspx?DocumentID=394903"
2010,10,394905,"http://kevinbrady.house.gov/news/documentsingle.aspx?DocumentID=394905"
2010,10,394906,"http://kevinbrady.house.gov/news/documentsingle.aspx?DocumentID=394906"
2010,10,394907,"http://kevinbrady.house.gov/news/documentsingle.aspx?DocumentID=394907"
2010,11,394895,"http://kevinbrady.house.gov/news/documentsingle.aspx?DocumentID=394895"
2010,11,394896,"http://kevinbrady.house.gov/news/documentsingle.aspx?DocumentID=394896"
2010,11,394897,"http://kevinbrady.house.gov/news/documentsingle.aspx?DocumentID=394897"
2010,11,394898,"http://kevinbrady.house.gov/news/documentsingle.aspx?DocumentID=394898"
2010,12,394886,"http://kevinbrady.house.gov/news/documentsingle.aspx?DocumentID=394886"
2010,12,394887,"http://kevinbrady.house.gov/news/documentsingle.aspx?DocumentID=394887"
2010,12,397286,"http://kevinbrady.house.gov/news/documentsingle.aspx?DocumentID=397286"
2010,12,394888,"http://kevinbrady.house.gov/news/documentsingle.aspx?DocumentID=394888"
2010,12,394889,"http://kevinbrady.house.gov/news/documentsingle.aspx?DocumentID=394889"
2010,12,397285,"http://kevinbrady.house.gov/news/documentsingle.aspx?DocumentID=397285"
2010,12,394890,"http://kevinbrady.house.gov/news/documentsingle.aspx?DocumentID=394890"
2010,12,394891,"http://kevinbrady.house.gov/news/documentsingle.aspx?DocumentID=394891"
2010,12,394892,"http://kevinbrady.house.gov/news/documentsingle.aspx?DocumentID=394892"
2011,1,394877,"http://kevinbrady.house.gov/news/documentsingle.aspx?DocumentID=394877"
2011,1,394878,"http://kevinbrady.house.gov/news/documentsingle.aspx?DocumentID=394878"
2011,1,394880,"http://kevinbrady.house.gov/news/documentsingle.aspx?DocumentID=394880"
2011,1,394879,"http://kevinbrady.house.gov/news/documentsingle.aspx?DocumentID=394879"
2011,1,394881,"http://kevinbrady.house.gov/news/documentsingle.aspx?DocumentID=394881"
2011,1,394882,"http://kevinbrady.house.gov/news/documentsingle.aspx?DocumentID=394882"
2011,1,394885,"http://kevinbrady.house.gov/news/documentsingle.aspx?DocumentID=394885"
2011,1,394884,"http://kevinbrady.house.gov/news/documentsingle.aspx?DocumentID=394884"
2011,1,394883,"http://kevinbrady.house.gov/news/documentsingle.aspx?DocumentID=394883"
2011,2,394871,"http://kevinbrady.house.gov/news/documentsingle.aspx?DocumentID=394871"
2011,2,394872,"http://kevinbrady.house.gov/news/documentsingle.aspx?DocumentID=394872"
2011,2,394873,"http://kevinbrady.house.gov/news/documentsingle.aspx?DocumentID=394873"
2011,2,394874,"http://kevinbrady.house.gov/news/documentsingle.aspx?DocumentID=394874"
2011,2,394875,"http://kevinbrady.house.gov/news/documentsingle.aspx?DocumentID=394875"
2011,2,394876,"http://kevinbrady.house.gov/news/documentsingle.aspx?DocumentID=394876"
2011,3,394858,"http://kevinbrady.house.gov/news/documentsingle.aspx?DocumentID=394858"
2011,3,394859,"http://kevinbrady.house.gov/news/documentsingle.aspx?DocumentID=394859"
2011,3,394860,"http://kevinbrady.house.gov/news/documentsingle.aspx?DocumentID=394860"
2011,3,394862,"http://kevinbrady.house.gov/news/documentsingle.aspx?DocumentID=394862"
2011,3,394861,"http://kevinbrady.house.gov/news/documentsingle.aspx?DocumentID=394861"
2011,3,394864,"http://kevinbrady.house.gov/news/documentsingle.aspx?DocumentID=394864"
2011,3,394863,"http://kevinbrady.house.gov/news/documentsingle.aspx?DocumentID=394863"
2011,3,397284,"http://kevinbrady.house.gov/news/documentsingle.aspx?DocumentID=397284"
2011,3,394865,"http://kevinbrady.house.gov/news/documentsingle.aspx?DocumentID=394865"
2011,3,394866,"http://kevinbrady.house.gov/news/documentsingle.aspx?DocumentID=394866"
2011,4,394848,"http://kevinbrady.house.gov/news/documentsingle.aspx?DocumentID=394848"
2011,4,394849,"http://kevinbrady.house.gov/news/documentsingle.aspx?DocumentID=394849"
2011,4,394850,"http://kevinbrady.house.gov/news/documentsingle.aspx?DocumentID=394850"
2011,4,394851,"http://kevinbrady.house.gov/news/documentsingle.aspx?DocumentID=394851"
2011,4,394852,"http://kevinbrady.house.gov/news/documentsingle.aspx?DocumentID=394852"
2011,4,394853,"http://kevinbrady.house.gov/news/documentsingle.aspx?DocumentID=394853"
2011,4,394854,"http://kevinbrady.house.gov/news/documentsingle.aspx?DocumentID=394854"
2011,4,394856,"http://kevinbrady.house.gov/news/documentsingle.aspx?DocumentID=394856"
2011,4,394855,"http://kevinbrady.house.gov/news/documentsingle.aspx?DocumentID=394855"
2011,4,394857,"http://kevinbrady.house.gov/news/documentsingle.aspx?DocumentID=394857"
2011,5,394832,"http://kevinbrady.house.gov/news/documentsingle.aspx?DocumentID=394832"
2011,5,394834,"http://kevinbrady.house.gov/news/documentsingle.aspx?DocumentID=394834"
2011,5,394833,"http://kevinbrady.house.gov/news/documentsingle.aspx?DocumentID=394833"
2011,5,394835,"http://kevinbrady.house.gov/news/documentsingle.aspx?DocumentID=394835"
2011,5,394836,"http://kevinbrady.house.gov/news/documentsingle.aspx?DocumentID=394836"
2011,5,394837,"http://kevinbrady.house.gov/news/documentsingle.aspx?DocumentID=394837"
2011,5,394838,"http://kevinbrady.house.gov/news/documentsingle.aspx?DocumentID=394838"
2011,5,394839,"http://kevinbrady.house.gov/news/documentsingle.aspx?DocumentID=394839"
2011,5,394840,"http://kevinbrady.house.gov/news/documentsingle.aspx?DocumentID=394840"
2011,5,394842,"http://kevinbrady.house.gov/news/documentsingle.aspx?DocumentID=394842"
2011,6,394819,"http://kevinbrady.house.gov/news/documentsingle.aspx?DocumentID=394819"
2011,6,394820,"http://kevinbrady.house.gov/news/documentsingle.aspx?DocumentID=394820"
2011,6,394821,"http://kevinbrady.house.gov/news/documentsingle.aspx?DocumentID=394821"
2011,6,394823,"http://kevinbrady.house.gov/news/documentsingle.aspx?DocumentID=394823"
2011,6,394822,"http://kevinbrady.house.gov/news/documentsingle.aspx?DocumentID=394822"
2011,6,394824,"http://kevinbrady.house.gov/news/documentsingle.aspx?DocumentID=394824"
2011,6,394826,"http://kevinbrady.house.gov/news/documentsingle.aspx?DocumentID=394826"
2011,6,394825,"http://kevinbrady.house.gov/news/documentsingle.aspx?DocumentID=394825"
2011,6,394827,"http://kevinbrady.house.gov/news/documentsingle.aspx?DocumentID=394827"
2011,6,394828,"http://kevinbrady.house.gov/news/documentsingle.aspx?DocumentID=394828"
2011,7,394802,"http://kevinbrady.house.gov/news/documentsingle.aspx?DocumentID=394802"
2011,7,394804,"http://kevinbrady.house.gov/news/documentsingle.aspx?DocumentID=394804"
2011,7,394803,"http://kevinbrady.house.gov/news/documentsingle.aspx?DocumentID=394803"
2011,7,394805,"http://kevinbrady.house.gov/news/documentsingle.aspx?DocumentID=394805"
2011,7,394807,"http://kevinbrady.house.gov/news/documentsingle.aspx?DocumentID=394807"
2011,7,394806,"http://kevinbrady.house.gov/news/documentsingle.aspx?DocumentID=394806"
2011,7,394809,"http://kevinbrady.house.gov/news/documentsingle.aspx?DocumentID=394809"
2011,7,394808,"http://kevinbrady.house.gov/news/documentsingle.aspx?DocumentID=394808"
2011,7,394810,"http://kevinbrady.house.gov/news/documentsingle.aspx?DocumentID=394810"
2011,7,394811,"http://kevinbrady.house.gov/news/documentsingle.aspx?DocumentID=394811"
2011,8,394799,"http://kevinbrady.house.gov/news/documentsingle.aspx?DocumentID=394799"
2011,8,394800,"http://kevinbrady.house.gov/news/documentsingle.aspx?DocumentID=394800"
2011,8,394801,"http://kevinbrady.house.gov/news/documentsingle.aspx?DocumentID=394801"
2011,9,394791,"http://kevinbrady.house.gov/news/documentsingle.aspx?DocumentID=394791"
2011,9,394792,"http://kevinbrady.house.gov/news/documentsingle.aspx?DocumentID=394792"
2011,9,394796,"http://kevinbrady.house.gov/news/documentsingle.aspx?DocumentID=394796"
2011,9,394795,"http://kevinbrady.house.gov/news/documentsingle.aspx?DocumentID=394795"
2011,9,394794,"http://kevinbrady.house.gov/news/documentsingle.aspx?DocumentID=394794"
2011,9,394793,"http://kevinbrady.house.gov/news/documentsingle.aspx?DocumentID=394793"
2011,9,394797,"http://kevinbrady.house.gov/news/documentsingle.aspx?DocumentID=394797"
2011,9,394798,"http://kevinbrady.house.gov/news/documentsingle.aspx?DocumentID=394798"
2011,10,397283,"http://kevinbrady.house.gov/news/documentsingle.aspx?DocumentID=397283"
2011,10,394784,"http://kevinbrady.house.gov/news/documentsingle.aspx?DocumentID=394784"
2011,10,394783,"http://kevinbrady.house.gov/news/documentsingle.aspx?DocumentID=394783"
2011,10,394785,"http://kevinbrady.house.gov/news/documentsingle.aspx?DocumentID=394785"
2011,10,394786,"http://kevinbrady.house.gov/news/documentsingle.aspx?DocumentID=394786"
2011,10,394787,"http://kevinbrady.house.gov/news/documentsingle.aspx?DocumentID=394787"
2011,10,394788,"http://kevinbrady.house.gov/news/documentsingle.aspx?DocumentID=394788"
2011,10,394789,"http://kevinbrady.house.gov/news/documentsingle.aspx?DocumentID=394789"
2011,10,394790,"http://kevinbrady.house.gov/news/documentsingle.aspx?DocumentID=394790"
2011,11,394774,"http://kevinbrady.house.gov/news/documentsingle.aspx?DocumentID=394774"
2011,11,394775,"http://kevinbrady.house.gov/news/documentsingle.aspx?DocumentID=394775"
2011,11,394776,"http://kevinbrady.house.gov/news/documentsingle.aspx?DocumentID=394776"
2011,11,394777,"http://kevinbrady.house.gov/news/documentsingle.aspx?DocumentID=394777"
2011,11,394778,"http://kevinbrady.house.gov/news/documentsingle.aspx?DocumentID=394778"
2011,11,394779,"http://kevinbrady.house.gov/news/documentsingle.aspx?DocumentID=394779"
2011,11,394780,"http://kevinbrady.house.gov/news/documentsingle.aspx?DocumentID=394780"
2011,11,394781,"http://kevinbrady.house.gov/news/documentsingle.aspx?DocumentID=394781"
2011,11,394782,"http://kevinbrady.house.gov/news/documentsingle.aspx?DocumentID=394782"
2011,12,394764,"http://kevinbrady.house.gov/news/documentsingle.aspx?DocumentID=394764"
2011,12,394766,"http://kevinbrady.house.gov/news/documentsingle.aspx?DocumentID=394766"
2011,12,394765,"http://kevinbrady.house.gov/news/documentsingle.aspx?DocumentID=394765"
2011,12,394768,"http://kevinbrady.house.gov/news/documentsingle.aspx?DocumentID=394768"
2011,12,394767,"http://kevinbrady.house.gov/news/documentsingle.aspx?DocumentID=394767"
2011,12,394769,"http://kevinbrady.house.gov/news/documentsingle.aspx?DocumentID=394769"
2011,12,394770,"http://kevinbrady.house.gov/news/documentsingle.aspx?DocumentID=394770"
2011,12,394771,"http://kevinbrady.house.gov/news/documentsingle.aspx?DocumentID=394771"
2011,12,394772,"http://kevinbrady.house.gov/news/documentsingle.aspx?DocumentID=394772"
2011,12,394773,"http://kevinbrady.house.gov/news/documentsingle.aspx?DocumentID=394773"
2012,1,395421,"http://kevinbrady.house.gov/news/documentsingle.aspx?DocumentID=395421"
2012,1,395422,"http://kevinbrady.house.gov/news/documentsingle.aspx?DocumentID=395422"
2012,1,395423,"http://kevinbrady.house.gov/news/documentsingle.aspx?DocumentID=395423"
2012,1,397017,"http://kevinbrady.house.gov/news/documentsingle.aspx?DocumentID=397017"
2012,1,394894,"http://kevinbrady.house.gov/news/documentsingle.aspx?DocumentID=394894"
2012,1,394893,"http://kevinbrady.house.gov/news/documentsingle.aspx?DocumentID=394893"
2012,1,394763,"http://kevinbrady.house.gov/news/documentsingle.aspx?DocumentID=394763"
2012,2,395446,"http://kevinbrady.house.gov/news/documentsingle.aspx?DocumentID=395446"
2012,2,395451,"http://kevinbrady.house.gov/news/documentsingle.aspx?DocumentID=395451"
2012,2,395450,"http://kevinbrady.house.gov/news/documentsingle.aspx?DocumentID=395450"
2012,2,395449,"http://kevinbrady.house.gov/news/documentsingle.aspx?DocumentID=395449"
2012,2,395445,"http://kevinbrady.house.gov/news/documentsingle.aspx?DocumentID=395445"
2012,2,395444,"http://kevinbrady.house.gov/news/documentsingle.aspx?DocumentID=395444"
2012,2,395031,"http://kevinbrady.house.gov/news/documentsingle.aspx?DocumentID=395031"
2012,2,394995,"http://kevinbrady.house.gov/news/documentsingle.aspx?DocumentID=394995"
2012,2,397019,"http://kevinbrady.house.gov/news/documentsingle.aspx?DocumentID=397019"
2012,2,395442,"http://kevinbrady.house.gov/news/documentsingle.aspx?DocumentID=395442"
2012,3,395124,"http://kevinbrady.house.gov/news/documentsingle.aspx?DocumentID=395124"
2012,3,395495,"http://kevinbrady.house.gov/news/documentsingle.aspx?DocumentID=395495"
2012,3,395493,"http://kevinbrady.house.gov/news/documentsingle.aspx?DocumentID=395493"
2012,3,395123,"http://kevinbrady.house.gov/news/documentsingle.aspx?DocumentID=395123"
2012,3,395494,"http://kevinbrady.house.gov/news/documentsingle.aspx?DocumentID=395494"
2012,3,395122,"http://kevinbrady.house.gov/news/documentsingle.aspx?DocumentID=395122"
2012,3,395490,"http://kevinbrady.house.gov/news/documentsingle.aspx?DocumentID=395490"
2012,3,395121,"http://kevinbrady.house.gov/news/documentsingle.aspx?DocumentID=395121"
2012,3,395487,"http://kevinbrady.house.gov/news/documentsingle.aspx?DocumentID=395487"
2012,3,395488,"http://kevinbrady.house.gov/news/documentsingle.aspx?DocumentID=395488"
2012,4,395535,"http://kevinbrady.house.gov/news/documentsingle.aspx?DocumentID=395535"
2012,4,395534,"http://kevinbrady.house.gov/news/documentsingle.aspx?DocumentID=395534"
2012,4,395533,"http://kevinbrady.house.gov/news/documentsingle.aspx?DocumentID=395533"
2012,4,395536,"http://kevinbrady.house.gov/news/documentsingle.aspx?DocumentID=395536"
2012,4,395531,"http://kevinbrady.house.gov/news/documentsingle.aspx?DocumentID=395531"
2012,4,395538,"http://kevinbrady.house.gov/news/documentsingle.aspx?DocumentID=395538"
2012,4,395138,"http://kevinbrady.house.gov/news/documentsingle.aspx?DocumentID=395138"
2012,4,395530,"http://kevinbrady.house.gov/news/documentsingle.aspx?DocumentID=395530"
2012,4,395529,"http://kevinbrady.house.gov/news/documentsingle.aspx?DocumentID=395529"
2012,4,395137,"http://kevinbrady.house.gov/news/documentsingle.aspx?DocumentID=395137"
2012,5,395148,"http://kevinbrady.house.gov/news/documentsingle.aspx?DocumentID=395148"
2012,5,395147,"http://kevinbrady.house.gov/news/documentsingle.aspx?DocumentID=395147"
2012,5,395146,"http://kevinbrady.house.gov/news/documentsingle.aspx?DocumentID=395146"
2012,5,395557,"http://kevinbrady.house.gov/news/documentsingle.aspx?DocumentID=395557"
2012,5,395556,"http://kevinbrady.house.gov/news/documentsingle.aspx?DocumentID=395556"
2012,5,395555,"http://kevinbrady.house.gov/news/documentsingle.aspx?DocumentID=395555"
2012,5,395145,"http://kevinbrady.house.gov/news/documentsingle.aspx?DocumentID=395145"
2012,5,395144,"http://kevinbrady.house.gov/news/documentsingle.aspx?DocumentID=395144"
2012,5,397032,"http://kevinbrady.house.gov/news/documentsingle.aspx?DocumentID=397032"
2012,5,395554,"http://kevinbrady.house.gov/news/documentsingle.aspx?DocumentID=395554"
2012,6,395161,"http://kevinbrady.house.gov/news/documentsingle.aspx?DocumentID=395161"
2012,6,395573,"http://kevinbrady.house.gov/news/documentsingle.aspx?DocumentID=395573"
2012,6,395574,"http://kevinbrady.house.gov/news/documentsingle.aspx?DocumentID=395574"
2012,6,395575,"http://kevinbrady.house.gov/news/documentsingle.aspx?DocumentID=395575"
2012,6,395576,"http://kevinbrady.house.gov/news/documentsingle.aspx?DocumentID=395576"
2012,6,395160,"http://kevinbrady.house.gov/news/documentsingle.aspx?DocumentID=395160"
2012,6,395572,"http://kevinbrady.house.gov/news/documentsingle.aspx?DocumentID=395572"
2012,6,395159,"http://kevinbrady.house.gov/news/documentsingle.aspx?DocumentID=395159"
2012,6,395579,"http://kevinbrady.house.gov/news/documentsingle.aspx?DocumentID=395579"
2012,6,395577,"http://kevinbrady.house.gov/news/documentsingle.aspx?DocumentID=395577"
2012,7,395608,"http://kevinbrady.house.gov/news/documentsingle.aspx?DocumentID=395608"
2012,7,395609,"http://kevinbrady.house.gov/news/documentsingle.aspx?DocumentID=395609"
2012,7,395622,"http://kevinbrady.house.gov/news/documentsingle.aspx?DocumentID=395622"
2012,7,395611,"http://kevinbrady.house.gov/news/documentsingle.aspx?DocumentID=395611"
2012,7,395610,"http://kevinbrady.house.gov/news/documentsingle.aspx?DocumentID=395610"
2012,7,395612,"http://kevinbrady.house.gov/news/documentsingle.aspx?DocumentID=395612"
2012,7,395607,"http://kevinbrady.house.gov/news/documentsingle.aspx?DocumentID=395607"
2012,7,395606,"http://kevinbrady.house.gov/news/documentsingle.aspx?DocumentID=395606"
2012,7,395605,"http://kevinbrady.house.gov/news/documentsingle.aspx?DocumentID=395605"
2012,7,395604,"http://kevinbrady.house.gov/news/documentsingle.aspx?DocumentID=395604"
2012,8,395628,"http://kevinbrady.house.gov/news/documentsingle.aspx?DocumentID=395628"
2012,8,395626,"http://kevinbrady.house.gov/news/documentsingle.aspx?DocumentID=395626"
2012,8,395627,"http://kevinbrady.house.gov/news/documentsingle.aspx?DocumentID=395627"
2012,8,395625,"http://kevinbrady.house.gov/news/documentsingle.aspx?DocumentID=395625"
2012,8,395176,"http://kevinbrady.house.gov/news/documentsingle.aspx?DocumentID=395176"
2012,8,395624,"http://kevinbrady.house.gov/news/documentsingle.aspx?DocumentID=395624"
2012,8,395175,"http://kevinbrady.house.gov/news/documentsingle.aspx?DocumentID=395175"
2012,8,395621,"http://kevinbrady.house.gov/news/documentsingle.aspx?DocumentID=395621"
2012,8,395620,"http://kevinbrady.house.gov/news/documentsingle.aspx?DocumentID=395620"
2012,8,395623,"http://kevinbrady.house.gov/news/documentsingle.aspx?DocumentID=395623"
2012,9,395195,"http://kevinbrady.house.gov/news/documentsingle.aspx?DocumentID=395195"
2012,9,395194,"http://kevinbrady.house.gov/news/documentsingle.aspx?DocumentID=395194"
2012,9,395647,"http://kevinbrady.house.gov/news/documentsingle.aspx?DocumentID=395647"
2012,9,395193,"http://kevinbrady.house.gov/news/documentsingle.aspx?DocumentID=395193"
2012,9,395646,"http://kevinbrady.house.gov/news/documentsingle.aspx?DocumentID=395646"
2012,9,395645,"http://kevinbrady.house.gov/news/documentsingle.aspx?DocumentID=395645"
2012,9,395192,"http://kevinbrady.house.gov/news/documentsingle.aspx?DocumentID=395192"
2012,9,395191,"http://kevinbrady.house.gov/news/documentsingle.aspx?DocumentID=395191"
2012,9,395190,"http://kevinbrady.house.gov/news/documentsingle.aspx?DocumentID=395190"
2012,9,395189,"http://kevinbrady.house.gov/news/documentsingle.aspx?DocumentID=395189"
2012,10,395201,"http://kevinbrady.house.gov/news/documentsingle.aspx?DocumentID=395201"
2012,10,395672,"http://kevinbrady.house.gov/news/documentsingle.aspx?DocumentID=395672"
2012,10,395200,"http://kevinbrady.house.gov/news/documentsingle.aspx?DocumentID=395200"
2012,10,395199,"http://kevinbrady.house.gov/news/documentsingle.aspx?DocumentID=395199"
2012,10,395671,"http://kevinbrady.house.gov/news/documentsingle.aspx?DocumentID=395671"
2012,10,395669,"http://kevinbrady.house.gov/news/documentsingle.aspx?DocumentID=395669"
2012,10,395198,"http://kevinbrady.house.gov/news/documentsingle.aspx?DocumentID=395198"
2012,10,395670,"http://kevinbrady.house.gov/news/documentsingle.aspx?DocumentID=395670"
2012,10,395667,"http://kevinbrady.house.gov/news/documentsingle.aspx?DocumentID=395667"
2012,10,395664,"http://kevinbrady.house.gov/news/documentsingle.aspx?DocumentID=395664"
2012,11,395693,"http://kevinbrady.house.gov/news/documentsingle.aspx?DocumentID=395693"
2012,11,395211,"http://kevinbrady.house.gov/news/documentsingle.aspx?DocumentID=395211"
2012,11,395692,"http://kevinbrady.house.gov/news/documentsingle.aspx?DocumentID=395692"
2012,11,395691,"http://kevinbrady.house.gov/news/documentsingle.aspx?DocumentID=395691"
2012,11,395690,"http://kevinbrady.house.gov/news/documentsingle.aspx?DocumentID=395690"
2012,11,395689,"http://kevinbrady.house.gov/news/documentsingle.aspx?DocumentID=395689"
2012,11,395210,"http://kevinbrady.house.gov/news/documentsingle.aspx?DocumentID=395210"
2012,11,397044,"http://kevinbrady.house.gov/news/documentsingle.aspx?DocumentID=397044"
2012,11,397043,"http://kevinbrady.house.gov/news/documentsingle.aspx?DocumentID=397043"
2012,11,397042,"http://kevinbrady.house.gov/news/documentsingle.aspx?DocumentID=397042"
2012,12,395716,"http://kevinbrady.house.gov/news/documentsingle.aspx?DocumentID=395716"
2012,12,397055,"http://kevinbrady.house.gov/news/documentsingle.aspx?DocumentID=397055"
2012,12,395715,"http://kevinbrady.house.gov/news/documentsingle.aspx?DocumentID=395715"
2012,12,395216,"http://kevinbrady.house.gov/news/documentsingle.aspx?DocumentID=395216"
2012,12,395217,"http://kevinbrady.house.gov/news/documentsingle.aspx?DocumentID=395217"
2012,12,395714,"http://kevinbrady.house.gov/news/documentsingle.aspx?DocumentID=395714"
2012,12,395713,"http://kevinbrady.house.gov/news/documentsingle.aspx?DocumentID=395713"
2012,12,395712,"http://kevinbrady.house.gov/news/documentsingle.aspx?DocumentID=395712"
2012,12,397054,"http://kevinbrady.house.gov/news/documentsingle.aspx?DocumentID=397054"
2012,12,395711,"http://kevinbrady.house.gov/news/documentsingle.aspx?DocumentID=395711"
2013,1,397068,"http://kevinbrady.house.gov/news/documentsingle.aspx?DocumentID=397068"
2013,1,397067,"http://kevinbrady.house.gov/news/documentsingle.aspx?DocumentID=397067"
2013,1,395741,"http://kevinbrady.house.gov/news/documentsingle.aspx?DocumentID=395741"
2013,1,395740,"http://kevinbrady.house.gov/news/documentsingle.aspx?DocumentID=395740"
2013,1,395739,"http://kevinbrady.house.gov/news/documentsingle.aspx?DocumentID=395739"
2013,1,395738,"http://kevinbrady.house.gov/news/documentsingle.aspx?DocumentID=395738"
2013,1,395737,"http://kevinbrady.house.gov/news/documentsingle.aspx?DocumentID=395737"
2013,1,395226,"http://kevinbrady.house.gov/news/documentsingle.aspx?DocumentID=395226"
2013,1,397066,"http://kevinbrady.house.gov/news/documentsingle.aspx?DocumentID=397066"
2013,1,397065,"http://kevinbrady.house.gov/news/documentsingle.aspx?DocumentID=397065"
2013,2,397079,"http://kevinbrady.house.gov/news/documentsingle.aspx?DocumentID=397079"
2013,2,395787,"http://kevinbrady.house.gov/news/documentsingle.aspx?DocumentID=395787"
2013,2,397078,"http://kevinbrady.house.gov/news/documentsingle.aspx?DocumentID=397078"
2013,2,395786,"http://kevinbrady.house.gov/news/documentsingle.aspx?DocumentID=395786"
2013,2,397077,"http://kevinbrady.house.gov/news/documentsingle.aspx?DocumentID=397077"
2013,2,395784,"http://kevinbrady.house.gov/news/documentsingle.aspx?DocumentID=395784"
2013,2,395783,"http://kevinbrady.house.gov/news/documentsingle.aspx?DocumentID=395783"
2013,2,395782,"http://kevinbrady.house.gov/news/documentsingle.aspx?DocumentID=395782"
2013,2,395781,"http://kevinbrady.house.gov/news/documentsingle.aspx?DocumentID=395781"
2013,2,395785,"http://kevinbrady.house.gov/news/documentsingle.aspx?DocumentID=395785"
2013,3,395820,"http://kevinbrady.house.gov/news/documentsingle.aspx?DocumentID=395820"
2013,3,395819,"http://kevinbrady.house.gov/news/documentsingle.aspx?DocumentID=395819"
2013,3,395818,"http://kevinbrady.house.gov/news/documentsingle.aspx?DocumentID=395818"
2013,3,395817,"http://kevinbrady.house.gov/news/documentsingle.aspx?DocumentID=395817"
2013,3,395816,"http://kevinbrady.house.gov/news/documentsingle.aspx?DocumentID=395816"
2013,3,397091,"http://kevinbrady.house.gov/news/documentsingle.aspx?DocumentID=397091"
2013,3,395815,"http://kevinbrady.house.gov/news/documentsingle.aspx?DocumentID=395815"
2013,3,395814,"http://kevinbrady.house.gov/news/documentsingle.aspx?DocumentID=395814"
2013,3,395813,"http://kevinbrady.house.gov/news/documentsingle.aspx?DocumentID=395813"
2013,3,396990,"http://kevinbrady.house.gov/news/documentsingle.aspx?DocumentID=396990"
2013,4,397103,"http://kevinbrady.house.gov/news/documentsingle.aspx?DocumentID=397103"
2013,4,396995,"http://kevinbrady.house.gov/news/documentsingle.aspx?DocumentID=396995"
2013,4,395866,"http://kevinbrady.house.gov/news/documentsingle.aspx?DocumentID=395866"
2013,4,395865,"http://kevinbrady.house.gov/news/documentsingle.aspx?DocumentID=395865"
2013,4,395864,"http://kevinbrady.house.gov/news/documentsingle.aspx?DocumentID=395864"
2013,4,395862,"http://kevinbrady.house.gov/news/documentsingle.aspx?DocumentID=395862"
2013,4,395863,"http://kevinbrady.house.gov/news/documentsingle.aspx?DocumentID=395863"
2013,4,395258,"http://kevinbrady.house.gov/news/documentsingle.aspx?DocumentID=395258"
2013,4,395861,"http://kevinbrady.house.gov/news/documentsingle.aspx?DocumentID=395861"
2013,4,397102,"http://kevinbrady.house.gov/news/documentsingle.aspx?DocumentID=397102"
2013,5,395271,"http://kevinbrady.house.gov/news/documentsingle.aspx?DocumentID=395271"
2013,5,395922,"http://kevinbrady.house.gov/news/documentsingle.aspx?DocumentID=395922"
2013,5,397115,"http://kevinbrady.house.gov/news/documentsingle.aspx?DocumentID=397115"
2013,5,395921,"http://kevinbrady.house.gov/news/documentsingle.aspx?DocumentID=395921"
2013,5,397114,"http://kevinbrady.house.gov/news/documentsingle.aspx?DocumentID=397114"
2013,5,395920,"http://kevinbrady.house.gov/news/documentsingle.aspx?DocumentID=395920"
2013,5,395919,"http://kevinbrady.house.gov/news/documentsingle.aspx?DocumentID=395919"
2013,5,395916,"http://kevinbrady.house.gov/news/documentsingle.aspx?DocumentID=395916"
2013,5,397113,"http://kevinbrady.house.gov/news/documentsingle.aspx?DocumentID=397113"
2013,5,395914,"http://kevinbrady.house.gov/news/documentsingle.aspx?DocumentID=395914"
2013,6,397251,"http://kevinbrady.house.gov/news/documentsingle.aspx?DocumentID=397251"
2013,6,395282,"http://kevinbrady.house.gov/news/documentsingle.aspx?DocumentID=395282"
2013,6,395281,"http://kevinbrady.house.gov/news/documentsingle.aspx?DocumentID=395281"
2013,6,395962,"http://kevinbrady.house.gov/news/documentsingle.aspx?DocumentID=395962"
2013,6,397139,"http://kevinbrady.house.gov/news/documentsingle.aspx?DocumentID=397139"
2013,6,397268,"http://kevinbrady.house.gov/news/documentsingle.aspx?DocumentID=397268"
2013,6,395958,"http://kevinbrady.house.gov/news/documentsingle.aspx?DocumentID=395958"
2013,6,395957,"http://kevinbrady.house.gov/news/documentsingle.aspx?DocumentID=395957"
2013,6,395956,"http://kevinbrady.house.gov/news/documentsingle.aspx?DocumentID=395956"
2013,6,397137,"http://kevinbrady.house.gov/news/documentsingle.aspx?DocumentID=397137"
2013,7,396021,"http://kevinbrady.house.gov/news/documentsingle.aspx?DocumentID=396021"
2013,7,396012,"http://kevinbrady.house.gov/news/documentsingle.aspx?DocumentID=396012"
2013,7,395288,"http://kevinbrady.house.gov/news/documentsingle.aspx?DocumentID=395288"
2013,7,396013,"http://kevinbrady.house.gov/news/documentsingle.aspx?DocumentID=396013"
2013,7,396011,"http://kevinbrady.house.gov/news/documentsingle.aspx?DocumentID=396011"
2013,7,397154,"http://kevinbrady.house.gov/news/documentsingle.aspx?DocumentID=397154"
2013,7,396010,"http://kevinbrady.house.gov/news/documentsingle.aspx?DocumentID=396010"
2013,7,397008,"http://kevinbrady.house.gov/news/documentsingle.aspx?DocumentID=397008"
2013,7,395287,"http://kevinbrady.house.gov/news/documentsingle.aspx?DocumentID=395287"
2013,7,396008,"http://kevinbrady.house.gov/news/documentsingle.aspx?DocumentID=396008"
2013,8,396050,"http://kevinbrady.house.gov/news/documentsingle.aspx?DocumentID=396050"
2013,8,396052,"http://kevinbrady.house.gov/news/documentsingle.aspx?DocumentID=396052"
2013,8,396053,"http://kevinbrady.house.gov/news/documentsingle.aspx?DocumentID=396053"
2013,8,395291,"http://kevinbrady.house.gov/news/documentsingle.aspx?DocumentID=395291"
2013,8,396049,"http://kevinbrady.house.gov/news/documentsingle.aspx?DocumentID=396049"
2013,8,396048,"http://kevinbrady.house.gov/news/documentsingle.aspx?DocumentID=396048"
2013,8,396047,"http://kevinbrady.house.gov/news/documentsingle.aspx?DocumentID=396047"
2013,8,396046,"http://kevinbrady.house.gov/news/documentsingle.aspx?DocumentID=396046"
2013,8,395290,"http://kevinbrady.house.gov/news/documentsingle.aspx?DocumentID=395290"
2013,8,397162,"http://kevinbrady.house.gov/news/documentsingle.aspx?DocumentID=397162"
2013,9,396117,"http://kevinbrady.house.gov/news/documentsingle.aspx?DocumentID=396117"
2013,9,395304,"http://kevinbrady.house.gov/news/documentsingle.aspx?DocumentID=395304"
2013,9,396119,"http://kevinbrady.house.gov/news/documentsingle.aspx?DocumentID=396119"
2013,9,396112,"http://kevinbrady.house.gov/news/documentsingle.aspx?DocumentID=396112"
2013,9,396110,"http://kevinbrady.house.gov/news/documentsingle.aspx?DocumentID=396110"
2013,9,396114,"http://kevinbrady.house.gov/news/documentsingle.aspx?DocumentID=396114"
2013,9,396115,"http://kevinbrady.house.gov/news/documentsingle.aspx?DocumentID=396115"
2013,9,395303,"http://kevinbrady.house.gov/news/documentsingle.aspx?DocumentID=395303"
2013,9,396109,"http://kevinbrady.house.gov/news/documentsingle.aspx?DocumentID=396109"
2013,9,396108,"http://kevinbrady.house.gov/news/documentsingle.aspx?DocumentID=396108"
2013,10,396220,"http://kevinbrady.house.gov/news/documentsingle.aspx?DocumentID=396220"
2013,10,396219,"http://kevinbrady.house.gov/news/documentsingle.aspx?DocumentID=396219"
2013,10,396215,"http://kevinbrady.house.gov/news/documentsingle.aspx?DocumentID=396215"
2013,10,396213,"http://kevinbrady.house.gov/news/documentsingle.aspx?DocumentID=396213"
2013,10,396211,"http://kevinbrady.house.gov/news/documentsingle.aspx?DocumentID=396211"
2013,10,396209,"http://kevinbrady.house.gov/news/documentsingle.aspx?DocumentID=396209"
2013,10,396205,"http://kevinbrady.house.gov/news/documentsingle.aspx?DocumentID=396205"
2013,10,396203,"http://kevinbrady.house.gov/news/documentsingle.aspx?DocumentID=396203"
2013,10,396202,"http://kevinbrady.house.gov/news/documentsingle.aspx?DocumentID=396202"
2013,10,396201,"http://kevinbrady.house.gov/news/documentsingle.aspx?DocumentID=396201"
2013,11,396269,"http://kevinbrady.house.gov/news/documentsingle.aspx?DocumentID=396269"
2013,11,396267,"http://kevinbrady.house.gov/news/documentsingle.aspx?DocumentID=396267"
2013,11,396266,"http://kevinbrady.house.gov/news/documentsingle.aspx?DocumentID=396266"
2013,11,396265,"http://kevinbrady.house.gov/news/documentsingle.aspx?DocumentID=396265"
2013,11,396264,"http://kevinbrady.house.gov/news/documentsingle.aspx?DocumentID=396264"
2013,11,396263,"http://kevinbrady.house.gov/news/documentsingle.aspx?DocumentID=396263"
2013,11,396262,"http://kevinbrady.house.gov/news/documentsingle.aspx?DocumentID=396262"
2013,11,396261,"http://kevinbrady.house.gov/news/documentsingle.aspx?DocumentID=396261"
2013,11,395328,"http://kevinbrady.house.gov/news/documentsingle.aspx?DocumentID=395328"
2013,11,396258,"http://kevinbrady.house.gov/news/documentsingle.aspx?DocumentID=396258"
2013,12,396308,"http://kevinbrady.house.gov/news/documentsingle.aspx?DocumentID=396308"
2013,12,396309,"http://kevinbrady.house.gov/news/documentsingle.aspx?DocumentID=396309"
2013,12,397185,"http://kevinbrady.house.gov/news/documentsingle.aspx?DocumentID=397185"
2013,12,396307,"http://kevinbrady.house.gov/news/documentsingle.aspx?DocumentID=396307"
2013,12,396301,"http://kevinbrady.house.gov/news/documentsingle.aspx?DocumentID=396301"
2013,12,396302,"http://kevinbrady.house.gov/news/documentsingle.aspx?DocumentID=396302"
2013,12,396304,"http://kevinbrady.house.gov/news/documentsingle.aspx?DocumentID=396304"
2013,12,396303,"http://kevinbrady.house.gov/news/documentsingle.aspx?DocumentID=396303"
2013,12,396305,"http://kevinbrady.house.gov/news/documentsingle.aspx?DocumentID=396305"
2013,12,396306,"http://kevinbrady.house.gov/news/documentsingle.aspx?DocumentID=396306"
2014,1,396366,"http://kevinbrady.house.gov/news/documentsingle.aspx?DocumentID=396366"
2014,1,396374,"http://kevinbrady.house.gov/news/documentsingle.aspx?DocumentID=396374"
2014,1,397197,"http://kevinbrady.house.gov/news/documentsingle.aspx?DocumentID=397197"
2014,1,397196,"http://kevinbrady.house.gov/news/documentsingle.aspx?DocumentID=397196"
2014,1,397195,"http://kevinbrady.house.gov/news/documentsingle.aspx?DocumentID=397195"
2014,1,396365,"http://kevinbrady.house.gov/news/documentsingle.aspx?DocumentID=396365"
2014,1,396377,"http://kevinbrady.house.gov/news/documentsingle.aspx?DocumentID=396377"
2014,1,396364,"http://kevinbrady.house.gov/news/documentsingle.aspx?DocumentID=396364"
2014,1,395342,"http://kevinbrady.house.gov/news/documentsingle.aspx?DocumentID=395342"
2014,1,396360,"http://kevinbrady.house.gov/news/documentsingle.aspx?DocumentID=396360"
2014,2,396442,"http://kevinbrady.house.gov/news/documentsingle.aspx?DocumentID=396442"
2014,2,396441,"http://kevinbrady.house.gov/news/documentsingle.aspx?DocumentID=396441"
2014,2,396440,"http://kevinbrady.house.gov/news/documentsingle.aspx?DocumentID=396440"
2014,2,396439,"http://kevinbrady.house.gov/news/documentsingle.aspx?DocumentID=396439"
2014,2,396438,"http://kevinbrady.house.gov/news/documentsingle.aspx?DocumentID=396438"
2014,2,396435,"http://kevinbrady.house.gov/news/documentsingle.aspx?DocumentID=396435"
2014,2,396448,"http://kevinbrady.house.gov/news/documentsingle.aspx?DocumentID=396448"
2014,2,396447,"http://kevinbrady.house.gov/news/documentsingle.aspx?DocumentID=396447"
2014,2,396443,"http://kevinbrady.house.gov/news/documentsingle.aspx?DocumentID=396443"
2014,2,395353,"http://kevinbrady.house.gov/news/documentsingle.aspx?DocumentID=395353"
2014,3,396535,"http://kevinbrady.house.gov/news/documentsingle.aspx?DocumentID=396535"
2014,3,396537,"http://kevinbrady.house.gov/news/documentsingle.aspx?DocumentID=396537"
2014,3,395366,"http://kevinbrady.house.gov/news/documentsingle.aspx?DocumentID=395366"
2014,3,396538,"http://kevinbrady.house.gov/news/documentsingle.aspx?DocumentID=396538"
2014,3,396533,"http://kevinbrady.house.gov/news/documentsingle.aspx?DocumentID=396533"
2014,3,396540,"http://kevinbrady.house.gov/news/documentsingle.aspx?DocumentID=396540"
2014,3,396539,"http://kevinbrady.house.gov/news/documentsingle.aspx?DocumentID=396539"
2014,3,396536,"http://kevinbrady.house.gov/news/documentsingle.aspx?DocumentID=396536"
2014,3,397221,"http://kevinbrady.house.gov/news/documentsingle.aspx?DocumentID=397221"
2014,3,396529,"http://kevinbrady.house.gov/news/documentsingle.aspx?DocumentID=396529"
2014,4,396592,"http://kevinbrady.house.gov/news/documentsingle.aspx?DocumentID=396592"
2014,4,396593,"http://kevinbrady.house.gov/news/documentsingle.aspx?DocumentID=396593"
2014,4,395378,"http://kevinbrady.house.gov/news/documentsingle.aspx?DocumentID=395378"
2014,4,396590,"http://kevinbrady.house.gov/news/documentsingle.aspx?DocumentID=396590"
2014,4,396591,"http://kevinbrady.house.gov/news/documentsingle.aspx?DocumentID=396591"
2014,4,396595,"http://kevinbrady.house.gov/news/documentsingle.aspx?DocumentID=396595"
2014,4,396589,"http://kevinbrady.house.gov/news/documentsingle.aspx?DocumentID=396589"
2014,4,395377,"http://kevinbrady.house.gov/news/documentsingle.aspx?DocumentID=395377"
2014,4,395376,"http://kevinbrady.house.gov/news/documentsingle.aspx?DocumentID=395376"
2014,4,396588,"http://kevinbrady.house.gov/news/documentsingle.aspx?DocumentID=396588"
2014,5,396682,"http://kevinbrady.house.gov/news/documentsingle.aspx?DocumentID=396682"
2014,5,396681,"http://kevinbrady.house.gov/news/documentsingle.aspx?DocumentID=396681"
2014,5,396680,"http://kevinbrady.house.gov/news/documentsingle.aspx?DocumentID=396680"
2014,5,395391,"http://kevinbrady.house.gov/news/documentsingle.aspx?DocumentID=395391"
2014,5,395390,"http://kevinbrady.house.gov/news/documentsingle.aspx?DocumentID=395390"
2014,5,396679,"http://kevinbrady.house.gov/news/documentsingle.aspx?DocumentID=396679"
2014,5,396677,"http://kevinbrady.house.gov/news/documentsingle.aspx?DocumentID=396677"
2014,5,396678,"http://kevinbrady.house.gov/news/documentsingle.aspx?DocumentID=396678"
2014,5,396675,"http://kevinbrady.house.gov/news/documentsingle.aspx?DocumentID=396675"
2014,5,396676,"http://kevinbrady.house.gov/news/documentsingle.aspx?DocumentID=396676"
2014,6,396785,"http://kevinbrady.house.gov/news/documentsingle.aspx?DocumentID=396785"
2014,6,395400,"http://kevinbrady.house.gov/news/documentsingle.aspx?DocumentID=395400"
2014,6,396784,"http://kevinbrady.house.gov/news/documentsingle.aspx?DocumentID=396784"
2014,6,396783,"http://kevinbrady.house.gov/news/documentsingle.aspx?DocumentID=396783"
2014,6,396782,"http://kevinbrady.house.gov/news/documentsingle.aspx?DocumentID=396782"
2014,6,396781,"http://kevinbrady.house.gov/news/documentsingle.aspx?DocumentID=396781"
2014,6,396780,"http://kevinbrady.house.gov/news/documentsingle.aspx?DocumentID=396780"
2014,6,396779,"http://kevinbrady.house.gov/news/documentsingle.aspx?DocumentID=396779"
2014,6,395399,"http://kevinbrady.house.gov/news/documentsingle.aspx?DocumentID=395399"
2014,6,396778,"http://kevinbrady.house.gov/news/documentsingle.aspx?DocumentID=396778"
2014,7,396839,"http://kevinbrady.house.gov/news/documentsingle.aspx?DocumentID=396839"
2014,7,395411,"http://kevinbrady.house.gov/news/documentsingle.aspx?DocumentID=395411"
2014,7,396841,"http://kevinbrady.house.gov/news/documentsingle.aspx?DocumentID=396841"
2014,7,395410,"http://kevinbrady.house.gov/news/documentsingle.aspx?DocumentID=395410"
2014,7,395409,"http://kevinbrady.house.gov/news/documentsingle.aspx?DocumentID=395409"
2014,7,396835,"http://kevinbrady.house.gov/news/documentsingle.aspx?DocumentID=396835"
2014,7,396834,"http://kevinbrady.house.gov/news/documentsingle.aspx?DocumentID=396834"
2014,7,395408,"http://kevinbrady.house.gov/news/documentsingle.aspx?DocumentID=395408"
2014,7,396836,"http://kevinbrady.house.gov/news/documentsingle.aspx?DocumentID=396836"
2014,7,397240,"http://kevinbrady.house.gov/news/documentsingle.aspx?DocumentID=397240"
2014,8,396881,"http://kevinbrady.house.gov/news/documentsingle.aspx?DocumentID=396881"
2014,8,396882,"http://kevinbrady.house.gov/news/documentsingle.aspx?DocumentID=396882"
2014,8,396880,"http://kevinbrady.house.gov/news/documentsingle.aspx?DocumentID=396880"
2014,8,396878,"http://kevinbrady.house.gov/news/documentsingle.aspx?DocumentID=396878"
2014,8,396877,"http://kevinbrady.house.gov/news/documentsingle.aspx?DocumentID=396877"
2014,8,396879,"http://kevinbrady.house.gov/news/documentsingle.aspx?DocumentID=396879"
2014,8,396876,"http://kevinbrady.house.gov/news/documentsingle.aspx?DocumentID=396876"
2014,8,396874,"http://kevinbrady.house.gov/news/documentsingle.aspx?DocumentID=396874"
2014,8,396873,"http://kevinbrady.house.gov/news/documentsingle.aspx?DocumentID=396873"
2014,8,396875,"http://kevinbrady.house.gov/news/documentsingle.aspx?DocumentID=396875"
2014,9,396975,"http://kevinbrady.house.gov/news/documentsingle.aspx?DocumentID=396975"
2014,9,396973,"http://kevinbrady.house.gov/news/documentsingle.aspx?DocumentID=396973"
2014,9,396974,"http://kevinbrady.house.gov/news/documentsingle.aspx?DocumentID=396974"
2014,9,396971,"http://kevinbrady.house.gov/news/documentsingle.aspx?DocumentID=396971"
2014,9,396969,"http://kevinbrady.house.gov/news/documentsingle.aspx?DocumentID=396969"
2014,9,396972,"http://kevinbrady.house.gov/news/documentsingle.aspx?DocumentID=396972"
2014,9,396967,"http://kevinbrady.house.gov/news/documentsingle.aspx?DocumentID=396967"
2014,9,396966,"http://kevinbrady.house.gov/news/documentsingle.aspx?DocumentID=396966"
2014,9,396965,"http://kevinbrady.house.gov/news/documentsingle.aspx?DocumentID=396965"
2014,9,396964,"http://kevinbrady.house.gov/news/documentsingle.aspx?DocumentID=396964"
2014,11,398645,"http://kevinbrady.house.gov/news/documentsingle.aspx?DocumentID=398645"
2014,11,398644,"http://kevinbrady.house.gov/news/documentsingle.aspx?DocumentID=398644"
2014,11,398643,"http://kevinbrady.house.gov/news/documentsingle.aspx?DocumentID=398643"
2014,11,398641,"http://kevinbrady.house.gov/news/documentsingle.aspx?DocumentID=398641"
2014,11,398642,"http://kevinbrady.house.gov/news/documentsingle.aspx?DocumentID=398642"
2014,11,398629,"http://kevinbrady.house.gov/news/documentsingle.aspx?DocumentID=398629"
2014,11,398633,"http://kevinbrady.house.gov/news/documentsingle.aspx?DocumentID=398633"
2014,11,398639,"http://kevinbrady.house.gov/news/documentsingle.aspx?DocumentID=398639"
2014,11,398640,"http://kevinbrady.house.gov/news/documentsingle.aspx?DocumentID=398640"
2014,11,398630,"http://kevinbrady.house.gov/news/documentsingle.aspx?DocumentID=398630"
2014,12,398719,"http://kevinbrady.house.gov/news/documentsingle.aspx?DocumentID=398719"
2014,12,398716,"http://kevinbrady.house.gov/news/documentsingle.aspx?DocumentID=398716"
2014,12,398712,"http://kevinbrady.house.gov/news/documentsingle.aspx?DocumentID=398712"
2014,12,398713,"http://kevinbrady.house.gov/news/documentsingle.aspx?DocumentID=398713"
2014,12,398714,"http://kevinbrady.house.gov/news/documentsingle.aspx?DocumentID=398714"
2014,12,398711,"http://kevinbrady.house.gov/news/documentsingle.aspx?DocumentID=398711"
2014,12,398709,"http://kevinbrady.house.gov/news/documentsingle.aspx?DocumentID=398709"
2014,12,398710,"http://kevinbrady.house.gov/news/documentsingle.aspx?DocumentID=398710"
2014,12,398703,"http://kevinbrady.house.gov/news/documentsingle.aspx?DocumentID=398703"
2014,12,398704,"http://kevinbrady.house.gov/news/documentsingle.aspx?DocumentID=398704"
